n_users,n_requesters,check,requester,user,outcome,files,hashes_match,latency_ms
25,3,fetch after GRANTED,0xE00A3D3069B7bc1F96d29a86A4b38BB067448Da8,0x6aD12B6D5Cac2d4A64E85Bea12Dc295f5f5B9E12,released,id_front.json,True,23.85
25,3,fetch after GRANTED,0xc25007B8F3504A6Da237017F52e6B943CCE6C41c,0x8e9Bd3b42cAba49EAAdDABdD4D10aA811DFe6664,released,id_back.json,True,23.07
25,3,fetch after GRANTED,0xAc8dF3348F3789De6001Eb91ED31cc7162c53Db1,0x0517B5c4A008c7b4C538497A3EE262fA4c6938D1,released,id_back.json+id_front.json,True,24.8
25,3,fetch after GRANTED,0xE00A3D3069B7bc1F96d29a86A4b38BB067448Da8,0x235357d5b5bDBd915053F0D432e067A00aaA3A67,released,id_front.json,True,23.74
25,3,fetch after GRANTED,0xc25007B8F3504A6Da237017F52e6B943CCE6C41c,0xD704C2d584bA0511Cd770C5bf946228887Fa9890,released,id_back.json,True,23.75
25,3,fetch after GRANTED,0xAc8dF3348F3789De6001Eb91ED31cc7162c53Db1,0x7C97FB6b14f27cEf0EdA95AC383eE43eA19d156B,released,id_back.json+id_front.json,True,23.57
25,3,fetch after GRANTED,0xE00A3D3069B7bc1F96d29a86A4b38BB067448Da8,0xC1cB8aA5d0eCD123427A1404a66aFdA111Dd5fb0,released,id_front.json,True,23.49
25,3,fetch after GRANTED,0xc25007B8F3504A6Da237017F52e6B943CCE6C41c,0x61da7EF562bD920752f299A20daaE34e30B25a00,released,id_back.json,True,23.03
25,3,fetch after GRANTED,0xAc8dF3348F3789De6001Eb91ED31cc7162c53Db1,0xF5300473Be159f6CDa1d45824258345188B65BbC,released,id_back.json+id_front.json,True,23.62
25,3,fetch after GRANTED,0xE00A3D3069B7bc1F96d29a86A4b38BB067448Da8,0x6145a32DE51C8a29e9DbF189c60F5C3B2737db5E,released,id_front.json,True,23.06
25,3,fetch after GRANTED,0xc25007B8F3504A6Da237017F52e6B943CCE6C41c,0x7c6c91A2ed100ABb2e8b30e0B88edd4f1A1784Af,released,id_back.json,True,27.27
25,3,fetch after GRANTED,0xAc8dF3348F3789De6001Eb91ED31cc7162c53Db1,0xD24834cc115bc209E427950E0adbdBB6d4b28416,released,id_back.json+id_front.json,True,26.73
25,3,fetch after GRANTED,0xE00A3D3069B7bc1F96d29a86A4b38BB067448Da8,0x9B6aA00CF41416c87d2Da12c9f9A228D2ea81131,released,id_front.json,True,24.58
25,3,fetch after GRANTED,0xc25007B8F3504A6Da237017F52e6B943CCE6C41c,0xd2B61119dCF0979db2AE96f89889E8B560f4Ec61,released,id_back.json,True,25.88
25,3,fetch after GRANTED,0xAc8dF3348F3789De6001Eb91ED31cc7162c53Db1,0x2122C576F701e35F4Bf22D30f03A230924355D61,released,id_back.json+id_front.json,True,27.64
25,3,fetch after GRANTED,0xE00A3D3069B7bc1F96d29a86A4b38BB067448Da8,0x4F8d1B79290D5194687ea08513D7FF09cE2c3AfA,released,id_front.json,True,26.23
25,3,fetch after GRANTED,0xc25007B8F3504A6Da237017F52e6B943CCE6C41c,0x08a7042fBe9fe1d7Af14Ee328F03dd2c5C92443a,released,id_back.json,True,23.02
25,3,fetch after GRANTED,0xAc8dF3348F3789De6001Eb91ED31cc7162c53Db1,0x122E352273AAF95f99Bf0b5d919EF3412892F917,released,id_back.json+id_front.json,True,23.13
25,3,fetch after GRANTED,0xE00A3D3069B7bc1F96d29a86A4b38BB067448Da8,0xed59Fe442fACbc9f55ef349324dbe4C9bcdE1250,released,id_front.json,True,23.88
25,3,fetch after GRANTED,0xc25007B8F3504A6Da237017F52e6B943CCE6C41c,0xeFa94587ed850F4560FC26995D81B3c777b717c4,released,id_back.json,True,26.5
25,3,fetch after GRANTED,0xAc8dF3348F3789De6001Eb91ED31cc7162c53Db1,0xdbf1a51D87C28BF256630744d99CdDf5D0161798,released,id_back.json+id_front.json,True,25.15
25,3,fetch after GRANTED,0xE00A3D3069B7bc1F96d29a86A4b38BB067448Da8,0x57E103705Feb85162DB84277B095332EB192DADb,released,id_front.json,True,23.04
25,3,fetch after GRANTED,0xc25007B8F3504A6Da237017F52e6B943CCE6C41c,0xF01568f5F1c88F34C0327ae9C402796A68F85982,released,id_back.json,True,22.78
25,3,fetch after GRANTED,0xAc8dF3348F3789De6001Eb91ED31cc7162c53Db1,0x37ba32d2E7A22CF2ffEaA93D3b47Ac56b55b8fda,released,id_back.json+id_front.json,True,23.19
25,3,fetch after GRANTED,0xE00A3D3069B7bc1F96d29a86A4b38BB067448Da8,0x83FF85dc2b2D5892D2c4D12b19e7B9831d0D43fD,released,id_front.json,True,22.62
25,3,old GRANTED tx after revoke,0xE00A3D3069B7bc1F96d29a86A4b38BB067448Da8,0x6aD12B6D5Cac2d4A64E85Bea12Dc295f5f5B9E12,consent_not_valid,,False,18.7
25,3,DENIED tx,0xE00A3D3069B7bc1F96d29a86A4b38BB067448Da8,0x6aD12B6D5Cac2d4A64E85Bea12Dc295f5f5B9E12,access_not_granted,,False,12.87
25,3,old GRANTED tx after revoke,0xc25007B8F3504A6Da237017F52e6B943CCE6C41c,0x8e9Bd3b42cAba49EAAdDABdD4D10aA811DFe6664,consent_not_valid,,False,20.6
25,3,DENIED tx,0xc25007B8F3504A6Da237017F52e6B943CCE6C41c,0x8e9Bd3b42cAba49EAAdDABdD4D10aA811DFe6664,access_not_granted,,False,13.85
25,3,old GRANTED tx after revoke,0xAc8dF3348F3789De6001Eb91ED31cc7162c53Db1,0x0517B5c4A008c7b4C538497A3EE262fA4c6938D1,consent_not_valid,,False,18.97
25,3,DENIED tx,0xAc8dF3348F3789De6001Eb91ED31cc7162c53Db1,0x0517B5c4A008c7b4C538497A3EE262fA4c6938D1,access_not_granted,,False,12.34
25,3,old GRANTED tx after revoke,0xE00A3D3069B7bc1F96d29a86A4b38BB067448Da8,0x235357d5b5bDBd915053F0D432e067A00aaA3A67,consent_not_valid,,False,18.64
25,3,DENIED tx,0xE00A3D3069B7bc1F96d29a86A4b38BB067448Da8,0x235357d5b5bDBd915053F0D432e067A00aaA3A67,access_not_granted,,False,12.57
25,3,old GRANTED tx after revoke,0xc25007B8F3504A6Da237017F52e6B943CCE6C41c,0xD704C2d584bA0511Cd770C5bf946228887Fa9890,consent_not_valid,,False,18.3
25,3,DENIED tx,0xc25007B8F3504A6Da237017F52e6B943CCE6C41c,0xD704C2d584bA0511Cd770C5bf946228887Fa9890,access_not_granted,,False,13.53
25,3,old GRANTED tx after revoke,0xAc8dF3348F3789De6001Eb91ED31cc7162c53Db1,0x7C97FB6b14f27cEf0EdA95AC383eE43eA19d156B,consent_not_valid,,False,18.28
25,3,DENIED tx,0xAc8dF3348F3789De6001Eb91ED31cc7162c53Db1,0x7C97FB6b14f27cEf0EdA95AC383eE43eA19d156B,access_not_granted,,False,12.66
25,3,old GRANTED tx after revoke,0xE00A3D3069B7bc1F96d29a86A4b38BB067448Da8,0xC1cB8aA5d0eCD123427A1404a66aFdA111Dd5fb0,consent_not_valid,,False,18.24
25,3,DENIED tx,0xE00A3D3069B7bc1F96d29a86A4b38BB067448Da8,0xC1cB8aA5d0eCD123427A1404a66aFdA111Dd5fb0,access_not_granted,,False,12.71
25,3,old GRANTED tx after revoke,0xc25007B8F3504A6Da237017F52e6B943CCE6C41c,0x61da7EF562bD920752f299A20daaE34e30B25a00,consent_not_valid,,False,18.17
25,3,DENIED tx,0xc25007B8F3504A6Da237017F52e6B943CCE6C41c,0x61da7EF562bD920752f299A20daaE34e30B25a00,access_not_granted,,False,12.54
25,3,old GRANTED tx after revoke,0xAc8dF3348F3789De6001Eb91ED31cc7162c53Db1,0xF5300473Be159f6CDa1d45824258345188B65BbC,consent_not_valid,,False,18.62
25,3,DENIED tx,0xAc8dF3348F3789De6001Eb91ED31cc7162c53Db1,0xF5300473Be159f6CDa1d45824258345188B65BbC,access_not_granted,,False,12.73
25,3,old GRANTED tx after revoke,0xE00A3D3069B7bc1F96d29a86A4b38BB067448Da8,0x6145a32DE51C8a29e9DbF189c60F5C3B2737db5E,consent_not_valid,,False,18.51
25,3,DENIED tx,0xE00A3D3069B7bc1F96d29a86A4b38BB067448Da8,0x6145a32DE51C8a29e9DbF189c60F5C3B2737db5E,access_not_granted,,False,16.76
25,3,old GRANTED tx after revoke,0xc25007B8F3504A6Da237017F52e6B943CCE6C41c,0x7c6c91A2ed100ABb2e8b30e0B88edd4f1A1784Af,consent_not_valid,,False,28.31
25,3,DENIED tx,0xc25007B8F3504A6Da237017F52e6B943CCE6C41c,0x7c6c91A2ed100ABb2e8b30e0B88edd4f1A1784Af,access_not_granted,,False,12.67
25,3,old GRANTED tx after revoke,0xAc8dF3348F3789De6001Eb91ED31cc7162c53Db1,0xD24834cc115bc209E427950E0adbdBB6d4b28416,consent_not_valid,,False,20.0
25,3,DENIED tx,0xAc8dF3348F3789De6001Eb91ED31cc7162c53Db1,0xD24834cc115bc209E427950E0adbdBB6d4b28416,access_not_granted,,False,13.44
25,3,old GRANTED tx after revoke,0xE00A3D3069B7bc1F96d29a86A4b38BB067448Da8,0x9B6aA00CF41416c87d2Da12c9f9A228D2ea81131,consent_not_valid,,False,18.47
25,3,DENIED tx,0xE00A3D3069B7bc1F96d29a86A4b38BB067448Da8,0x9B6aA00CF41416c87d2Da12c9f9A228D2ea81131,access_not_granted,,False,12.7
25,3,old GRANTED tx after revoke,0xc25007B8F3504A6Da237017F52e6B943CCE6C41c,0xd2B61119dCF0979db2AE96f89889E8B560f4Ec61,consent_not_valid,,False,21.39
25,3,DENIED tx,0xc25007B8F3504A6Da237017F52e6B943CCE6C41c,0xd2B61119dCF0979db2AE96f89889E8B560f4Ec61,access_not_granted,,False,12.78
25,3,old GRANTED tx after revoke,0xAc8dF3348F3789De6001Eb91ED31cc7162c53Db1,0x2122C576F701e35F4Bf22D30f03A230924355D61,consent_not_valid,,False,19.14
25,3,DENIED tx,0xAc8dF3348F3789De6001Eb91ED31cc7162c53Db1,0x2122C576F701e35F4Bf22D30f03A230924355D61,access_not_granted,,False,12.62
25,3,old GRANTED tx after revoke,0xE00A3D3069B7bc1F96d29a86A4b38BB067448Da8,0x4F8d1B79290D5194687ea08513D7FF09cE2c3AfA,consent_not_valid,,False,18.12
25,3,DENIED tx,0xE00A3D3069B7bc1F96d29a86A4b38BB067448Da8,0x4F8d1B79290D5194687ea08513D7FF09cE2c3AfA,access_not_granted,,False,12.93
25,3,old GRANTED tx after revoke,0xc25007B8F3504A6Da237017F52e6B943CCE6C41c,0x08a7042fBe9fe1d7Af14Ee328F03dd2c5C92443a,consent_not_valid,,False,18.3
25,3,DENIED tx,0xc25007B8F3504A6Da237017F52e6B943CCE6C41c,0x08a7042fBe9fe1d7Af14Ee328F03dd2c5C92443a,access_not_granted,,False,13.25
25,3,old GRANTED tx after revoke,0xAc8dF3348F3789De6001Eb91ED31cc7162c53Db1,0x122E352273AAF95f99Bf0b5d919EF3412892F917,consent_not_valid,,False,18.72
25,3,DENIED tx,0xAc8dF3348F3789De6001Eb91ED31cc7162c53Db1,0x122E352273AAF95f99Bf0b5d919EF3412892F917,access_not_granted,,False,13.21
25,3,old GRANTED tx after revoke,0xE00A3D3069B7bc1F96d29a86A4b38BB067448Da8,0xed59Fe442fACbc9f55ef349324dbe4C9bcdE1250,consent_not_valid,,False,20.72
25,3,DENIED tx,0xE00A3D3069B7bc1F96d29a86A4b38BB067448Da8,0xed59Fe442fACbc9f55ef349324dbe4C9bcdE1250,access_not_granted,,False,12.94
25,3,old GRANTED tx after revoke,0xc25007B8F3504A6Da237017F52e6B943CCE6C41c,0xeFa94587ed850F4560FC26995D81B3c777b717c4,consent_not_valid,,False,19.65
25,3,DENIED tx,0xc25007B8F3504A6Da237017F52e6B943CCE6C41c,0xeFa94587ed850F4560FC26995D81B3c777b717c4,access_not_granted,,False,12.6
25,3,old GRANTED tx after revoke,0xAc8dF3348F3789De6001Eb91ED31cc7162c53Db1,0xdbf1a51D87C28BF256630744d99CdDf5D0161798,consent_not_valid,,False,19.52
25,3,DENIED tx,0xAc8dF3348F3789De6001Eb91ED31cc7162c53Db1,0xdbf1a51D87C28BF256630744d99CdDf5D0161798,access_not_granted,,False,12.63
25,3,old GRANTED tx after revoke,0xE00A3D3069B7bc1F96d29a86A4b38BB067448Da8,0x57E103705Feb85162DB84277B095332EB192DADb,consent_not_valid,,False,18.35
25,3,DENIED tx,0xE00A3D3069B7bc1F96d29a86A4b38BB067448Da8,0x57E103705Feb85162DB84277B095332EB192DADb,access_not_granted,,False,13.19
25,3,old GRANTED tx after revoke,0xc25007B8F3504A6Da237017F52e6B943CCE6C41c,0xF01568f5F1c88F34C0327ae9C402796A68F85982,consent_not_valid,,False,19.31
25,3,DENIED tx,0xc25007B8F3504A6Da237017F52e6B943CCE6C41c,0xF01568f5F1c88F34C0327ae9C402796A68F85982,access_not_granted,,False,12.61
25,3,old GRANTED tx after revoke,0xAc8dF3348F3789De6001Eb91ED31cc7162c53Db1,0x37ba32d2E7A22CF2ffEaA93D3b47Ac56b55b8fda,consent_not_valid,,False,19.8
25,3,DENIED tx,0xAc8dF3348F3789De6001Eb91ED31cc7162c53Db1,0x37ba32d2E7A22CF2ffEaA93D3b47Ac56b55b8fda,access_not_granted,,False,12.63
25,3,old GRANTED tx after revoke,0xE00A3D3069B7bc1F96d29a86A4b38BB067448Da8,0x83FF85dc2b2D5892D2c4D12b19e7B9831d0D43fD,consent_not_valid,,False,18.95
25,3,DENIED tx,0xE00A3D3069B7bc1F96d29a86A4b38BB067448Da8,0x83FF85dc2b2D5892D2c4D12b19e7B9831d0D43fD,access_not_granted,,False,12.94
