n_users,n_requesters,op,sender,target,tx_hash,block,gas_used,latency_ms
25,3,registerUser,0x4F96b1680a3E47DE0Cc9a007b96a560Fb7D23D5E,0x4F96b1680a3E47DE0Cc9a007b96a560Fb7D23D5E,0x348da3238f06ffd5372c83389a27c0308cf0246c7972b640e30577c6d48e32a1,642,205958,11829.97
25,3,registerUser,0x3EF9Fe30Bc887148c04a06704f16484F7fA1c507,0x3EF9Fe30Bc887148c04a06704f16484F7fA1c507,0x64805e3744feb2c9b0653f8e44c8b174e02e2f99a15c909801d8820f067ee961,642,205958,11817.2
25,3,registerUser,0xf272aB4338fdC635d51C74FCFED2fEC6A327504A,0xf272aB4338fdC635d51C74FCFED2fEC6A327504A,0xbeca8eb41d66f6a1f4f77322617e442f2dfaec69fed4f21245776b8f6945bbf4,642,205946,11809.32
25,3,registerUser,0xB124fE26103fa6015fa9BCD2B7cBe7859536D497,0xB124fE26103fa6015fa9BCD2B7cBe7859536D497,0xb4b303275612d42f497ad38058c48d9dc1983726395fc4e5364380370a3a5abf,642,205946,11801.37
25,3,registerUser,0x6560867170Fa675A957fb6F3E7Ae893A570C6202,0x6560867170Fa675A957fb6F3E7Ae893A570C6202,0x939f1667cd26f32519603d9d7a3e975215c9b54bb08966c191750cd497d5847a,642,205958,11788.38
25,3,registerUser,0xd5B59C23d1F09E3948300FfE971936f107e9C9E1,0xd5B59C23d1F09E3948300FfE971936f107e9C9E1,0x6d4fad003b5b992dd20d3a057678a274492d6f03199e52f71282b6dc5cf22367,642,205946,11776.31
25,3,registerUser,0x113537280CaBa73Ec87CaB41f6C18E006251ed27,0x113537280CaBa73Ec87CaB41f6C18E006251ed27,0x334fb61d1c3287e5dc532fd1ce46afd5b2462985e543e1043c6ed46d3fb6dbd1,642,205958,11764.76
25,3,registerUser,0xA6433ff5499f8Fb0d70e98F7E5D8DA0341167dE1,0xA6433ff5499f8Fb0d70e98F7E5D8DA0341167dE1,0xe40eee57f3a0d7301aa817d4a22bc25c346f5c6ccc478a29fc98298517d93242,642,205958,11755.78
25,3,registerUser,0x782452F42F1DaB9Fa05Dab6b177Df1e5289a6129,0x782452F42F1DaB9Fa05Dab6b177Df1e5289a6129,0xe4c75453e50a9099f87872f049bd58e3f8e951dd00731411c809223139e43ed6,642,205958,11748.01
25,3,registerUser,0x0BdDde64909eBeA7cCBb5B8Dde8c7a430b24e5c5,0x0BdDde64909eBeA7cCBb5B8Dde8c7a430b24e5c5,0xaca0b98d5c35dcb9a69460bd1e8369f7465f4fceeaa2c8c92025d063e819f322,642,205958,11739.66
25,3,registerUser,0x0fbf5D66418E6354E77405b2fCdAF21cc87bDB83,0x0fbf5D66418E6354E77405b2fCdAF21cc87bDB83,0x96bef95ce501ac250a7271462a7fff1da2f4f15aad7a35c5d1b12604285fff82,642,205958,11731.06
25,3,registerUser,0xB9ce0a7A0978Bb89E083ca95F26b4c2eB00314d0,0xB9ce0a7A0978Bb89E083ca95F26b4c2eB00314d0,0xf9b0a1a4520213143b1dda50ac9e6804ad848cd186e93fbb8fcdafe9b458a799,642,205934,11722.24
25,3,registerUser,0x2A5d0Cca1032930916b97eF07EB925216726bE14,0x2A5d0Cca1032930916b97eF07EB925216726bE14,0xaf1648213d3852ce696fa493e2600a463c0859d8ea2fc22faa91b32aba82b5ea,642,205946,11713.62
25,3,registerUser,0x314B1ae6e8295ab18ec005B1B210cdBdBbe44471,0x314B1ae6e8295ab18ec005B1B210cdBdBbe44471,0x8d0c6e98e40873dd1135b24283bcb2e142b94353da5e6765799736c41f93b6b6,642,205958,11704.41
25,3,registerUser,0x13052FfcaB5b908b58Bcdd3c9639fd41dDDc4281,0x13052FfcaB5b908b58Bcdd3c9639fd41dDDc4281,0x314421733e6d73ca61b56ac6ace95f9d7a4868d56f0aad8056b40e83a4054924,642,205958,11695.69
25,3,registerUser,0xea7D1C25407d86d1d46CD7fb6d4e71aAd462D041,0xea7D1C25407d86d1d46CD7fb6d4e71aAd462D041,0x3040b16f1848eea9a37db0132cdfecba3667bbdc7b9f64a0c1586b1cad97e48c,642,205958,11686.44
25,3,registerUser,0x2ACE8E42322cd0Fc4655A07dDB4Af1225C7C3643,0x2ACE8E42322cd0Fc4655A07dDB4Af1225C7C3643,0xa1f0b24135eaaa59169dd05c8440cd15449dc867470b8c8d7c6f8abd3f57b3ad,642,205958,11676.06
25,3,registerUser,0x044F9EE893e8E1194C90aD2A7f1CcCDeEbfEE959,0x044F9EE893e8E1194C90aD2A7f1CcCDeEbfEE959,0x877ac61c6d7e5a6b2b217116fcad3524d580d3df3e6a97386e851b1da1f560a6,642,205958,11666.1
25,3,registerUser,0x71A497619C776eb22105f59aDB6F6AC17C280E65,0x71A497619C776eb22105f59aDB6F6AC17C280E65,0x64a3a00993effa0341b5a6a8a0b2a107d9225e7898547e3b2fc832470302174b,642,205958,11654.65
25,3,registerUser,0x3b99a9D347A9181E40b8d2369428B8044194cbba,0x3b99a9D347A9181E40b8d2369428B8044194cbba,0xef5e1ae94a806dabb0939720607e32e5234728486e27d5da90b1c2fbe5f191ae,642,205958,11644.72
25,3,registerUser,0x8EC6DE0D860196859a87535A033BB9fc32f4cBAC,0x8EC6DE0D860196859a87535A033BB9fc32f4cBAC,0x9c9e1d2978df100813faeb96abd7561bdc602c70cf26fa257823a16a0b4fd63f,642,205958,11634.95
25,3,registerUser,0x462FB229b0b8ddD0c0491d5924E526dA0038f689,0x462FB229b0b8ddD0c0491d5924E526dA0038f689,0x85ae79c4477b8ae01b4744ff8719a8bc5d21c101aa7dd96f15bb662d47889e4c,642,205958,11618.92
25,3,registerUser,0x4C83F859916B222eF2bab358493558Ce35AfFe8D,0x4C83F859916B222eF2bab358493558Ce35AfFe8D,0xd6b102e1cb02d690e46a2b159aa631c2aa2bbe032345f5c81b547c6799b02ef8,642,205958,11604.22
25,3,registerUser,0x2bA20547418D757C9214ea9Cd92aBCaBeCFEB13e,0x2bA20547418D757C9214ea9Cd92aBCaBeCFEB13e,0x911b2d7da405650299a663579f3feaa535bfea0d3df33af4949f90b57e598c42,642,205946,11592.9
25,3,registerUser,0x1050244b8Db78153BBA2a05c57a0f4B93B8ED794,0x1050244b8Db78153BBA2a05c57a0f4B93B8ED794,0x5d50a7f3a9b6eb2b2f5cf0ae091733c59203056a66fc66a563a4042ed9f0717e,642,205946,11581.95
25,3,setRequesterStatus,0xf39Fd6e51aad88F6F4ce6aB8827279cffFb92266,0x50eEf8babaE3760aFDC0e7ba7E3366616EDA1597,0x29690a9e0a353531f48ea91e47d08bbdd1b951aef455689e0a61009b81bc3e6f,643,47787,11997.44
25,3,setRequesterStatus,0xf39Fd6e51aad88F6F4ce6aB8827279cffFb92266,0x70c0Aeb015a58C3bb13A35bf5Bd345d903Ed4169,0x585caea5816d171dd64968ad09fba51ac62f710a487bb335ce66dd764d8f5257,643,47787,11993.7
25,3,setRequesterStatus,0xf39Fd6e51aad88F6F4ce6aB8827279cffFb92266,0x8ADb3Eb4D05Fc05e6879831273601b233BC878a4,0x01cb9cb91d2ebf182328624beddd8c6e98f4a53f0235707045da2895cd1bf4c9,643,47787,11989.38
25,3,setConsent,0x4F96b1680a3E47DE0Cc9a007b96a560Fb7D23D5E,0x50eEf8babaE3760aFDC0e7ba7E3366616EDA1597,0xb0867617b48550f9e6d1560bbb63ed28311a7e44cf173679e204e8c35ade7d93,644,93249,11989.1
25,3,setConsent,0x3EF9Fe30Bc887148c04a06704f16484F7fA1c507,0x70c0Aeb015a58C3bb13A35bf5Bd345d903Ed4169,0x732280a7461e494883ecca521ab0560c9f7f2a09312ddf361517e2f67621921f,644,93261,11983.68
25,3,setConsent,0xf272aB4338fdC635d51C74FCFED2fEC6A327504A,0x8ADb3Eb4D05Fc05e6879831273601b233BC878a4,0x76d4ccee97b70e8a733c8b01f541b9c1acadea4f5bbdc015b9aa0edd426aaa4e,644,93261,11978.14
25,3,setConsent,0xB124fE26103fa6015fa9BCD2B7cBe7859536D497,0x50eEf8babaE3760aFDC0e7ba7E3366616EDA1597,0x17cb33a758b33d508bf527d6cc18ac19aad42b5711faf0bee10d80570c51821e,644,93249,11972.43
25,3,setConsent,0x6560867170Fa675A957fb6F3E7Ae893A570C6202,0x70c0Aeb015a58C3bb13A35bf5Bd345d903Ed4169,0xa085aeda58dc5b4c6b0bddb7f157f9432c92ab2b94498689c092ebc1b4d40e10,644,93261,11966.24
25,3,setConsent,0xd5B59C23d1F09E3948300FfE971936f107e9C9E1,0x8ADb3Eb4D05Fc05e6879831273601b233BC878a4,0x30c5b6805cf6320c0a6b18219ce7a73150deafcbe173510efb7a036cce13715d,644,93261,11960.88
25,3,setConsent,0x113537280CaBa73Ec87CaB41f6C18E006251ed27,0x50eEf8babaE3760aFDC0e7ba7E3366616EDA1597,0xe2cfafec027e06d483192b05ecb2a58b4e550fac51a5436e6688e68cd21e29f7,644,93249,11955.36
25,3,setConsent,0xA6433ff5499f8Fb0d70e98F7E5D8DA0341167dE1,0x70c0Aeb015a58C3bb13A35bf5Bd345d903Ed4169,0xcd8cf9ae5f7a7adb28b53599e08c0de16240c77e954311409fdbae972609f1dd,644,93261,11950.02
25,3,setConsent,0x782452F42F1DaB9Fa05Dab6b177Df1e5289a6129,0x8ADb3Eb4D05Fc05e6879831273601b233BC878a4,0x1bebe56b36ca832619cdcb18da3238aa526fe7cea4f300128fc96b071935ed13,644,93261,11944.56
25,3,setConsent,0x0BdDde64909eBeA7cCBb5B8Dde8c7a430b24e5c5,0x50eEf8babaE3760aFDC0e7ba7E3366616EDA1597,0x206ed3222756cf1563f6f8da684ff62fdf404026a4a3230cd14f120cc3c3dbc0,644,93249,11939.1
25,3,setConsent,0x0fbf5D66418E6354E77405b2fCdAF21cc87bDB83,0x70c0Aeb015a58C3bb13A35bf5Bd345d903Ed4169,0x2500f859088137e90da4a057671af830730e10abfc0490b6175ae31d19deef7c,644,93261,11933.89
25,3,setConsent,0xB9ce0a7A0978Bb89E083ca95F26b4c2eB00314d0,0x8ADb3Eb4D05Fc05e6879831273601b233BC878a4,0x61fe1cba34fa7a02ae3e8b85431be30869b82c9b9b688694e32ff3654c45a578,644,93261,11929.03
25,3,setConsent,0x2A5d0Cca1032930916b97eF07EB925216726bE14,0x50eEf8babaE3760aFDC0e7ba7E3366616EDA1597,0x63c5bf977c7345d8bf9ec64563d738431bcc12a26a0f6d16ba29a26a59cfadc7,644,93249,11924.02
25,3,setConsent,0x314B1ae6e8295ab18ec005B1B210cdBdBbe44471,0x70c0Aeb015a58C3bb13A35bf5Bd345d903Ed4169,0x2ed18493c70805a59b4f00ddd78c1936ce0c0d9ca1bd00e8e56fc18ee83f105f,644,93261,11919.82
25,3,setConsent,0x13052FfcaB5b908b58Bcdd3c9639fd41dDDc4281,0x8ADb3Eb4D05Fc05e6879831273601b233BC878a4,0x1864d62a72afcdc60fedfac57c74ea45e74e92d0120f9bdb82145370d923fdad,644,93261,11915.17
25,3,setConsent,0xea7D1C25407d86d1d46CD7fb6d4e71aAd462D041,0x50eEf8babaE3760aFDC0e7ba7E3366616EDA1597,0x32001921d65dfb67f97c4224c93453e92612d5d37f8e54fc4154900fdabd195d,644,93249,11909.92
25,3,setConsent,0x2ACE8E42322cd0Fc4655A07dDB4Af1225C7C3643,0x70c0Aeb015a58C3bb13A35bf5Bd345d903Ed4169,0xd974b01ad0e9b4c2a751783965466c0bdefe6a18289dd94ca757467f1e2fd335,644,93261,11904.69
25,3,setConsent,0x044F9EE893e8E1194C90aD2A7f1CcCDeEbfEE959,0x8ADb3Eb4D05Fc05e6879831273601b233BC878a4,0xb09254066ec90d1295c7a33b665980927770e2f1e39e0c11288824900385b1ad,644,93261,11899.73
25,3,setConsent,0x71A497619C776eb22105f59aDB6F6AC17C280E65,0x50eEf8babaE3760aFDC0e7ba7E3366616EDA1597,0x9edc9cae388eabf6494a7fe2e556fe82bd5cd3388dc7eb70fc285eae42f07a0b,644,93249,11894.89
25,3,setConsent,0x3b99a9D347A9181E40b8d2369428B8044194cbba,0x70c0Aeb015a58C3bb13A35bf5Bd345d903Ed4169,0xee38dc5d74ed9fe0eda59448f002de00c784874ad115e19ba33220518ba0d8b4,644,93261,11889.92
25,3,setConsent,0x8EC6DE0D860196859a87535A033BB9fc32f4cBAC,0x8ADb3Eb4D05Fc05e6879831273601b233BC878a4,0x7be40c88590ac82ee0bab13be756cf804789abc4e8618e263deb13302da2151b,644,93261,11885.28
25,3,setConsent,0x462FB229b0b8ddD0c0491d5924E526dA0038f689,0x50eEf8babaE3760aFDC0e7ba7E3366616EDA1597,0x92a0f0af0da8f16514a3e14ec4082718aa95a6a04931f79352a688a497cb3496,644,93249,11881.09
25,3,setConsent,0x4C83F859916B222eF2bab358493558Ce35AfFe8D,0x70c0Aeb015a58C3bb13A35bf5Bd345d903Ed4169,0x6e14fe5fd2b0eddc171733f05fee915d14e1ff821e6e8bc449313248988a309d,644,93261,11876.1
25,3,setConsent,0x2bA20547418D757C9214ea9Cd92aBCaBeCFEB13e,0x8ADb3Eb4D05Fc05e6879831273601b233BC878a4,0xe6d5bd6a7a3f06eafda02ffddcc157460ca925c1c29fd0d7dfabb83d5a91ec05,644,93261,11871.02
25,3,setConsent,0x1050244b8Db78153BBA2a05c57a0f4B93B8ED794,0x50eEf8babaE3760aFDC0e7ba7E3366616EDA1597,0x31966d3dfae3413b318e4a301248ee749ce70f456362d6ac7880df9f74eec69b,644,93249,11866.52
25,3,requestAccess (granted),0x50eEf8babaE3760aFDC0e7ba7E3366616EDA1597,0x4F96b1680a3E47DE0Cc9a007b96a560Fb7D23D5E,0xde75bbce5647e0db248b81a6d3114365cf6b3c2568baebccc79a57c153f647c9,645,106296,11988.86
25,3,requestAccess (granted),0x70c0Aeb015a58C3bb13A35bf5Bd345d903Ed4169,0x3EF9Fe30Bc887148c04a06704f16484F7fA1c507,0xd0bf52a79d4fa16fe5c9e0f322ec2e7841940614b822ddae0a9dcef823a3a008,645,106337,11981.75
25,3,requestAccess (granted),0x8ADb3Eb4D05Fc05e6879831273601b233BC878a4,0xf272aB4338fdC635d51C74FCFED2fEC6A327504A,0x41e2fc13c535f3d46e0dbfbbd2fe1ab93d3957ace2935fbb9b3bc75ad4ad847f,645,106330,11974.02
25,3,requestAccess (granted),0x50eEf8babaE3760aFDC0e7ba7E3366616EDA1597,0xB124fE26103fa6015fa9BCD2B7cBe7859536D497,0x20b6e6351bea6efb6c064cbd001ea71111d5a51e7c179e36f5fc038dcc83f570,645,106296,11969.59
25,3,requestAccess (granted),0x70c0Aeb015a58C3bb13A35bf5Bd345d903Ed4169,0x6560867170Fa675A957fb6F3E7Ae893A570C6202,0xaaab2d37c604772d47f107cab748ab53d8f7b49c64e97571a5d1a37cb5bb03ef,645,106337,11964.76
25,3,requestAccess (granted),0x8ADb3Eb4D05Fc05e6879831273601b233BC878a4,0xd5B59C23d1F09E3948300FfE971936f107e9C9E1,0x1b81ee0daf384ec83156b85ce34aac2bfb581dd6cc95d032b1797b2b9159d14d,645,106330,11959.61
25,3,requestAccess (granted),0x50eEf8babaE3760aFDC0e7ba7E3366616EDA1597,0x113537280CaBa73Ec87CaB41f6C18E006251ed27,0xfa6068a8ffeb63c2b2c589ef5fdf8a52e657f17c01519903124cc301bd72e95d,645,106284,11954.2
25,3,requestAccess (granted),0x70c0Aeb015a58C3bb13A35bf5Bd345d903Ed4169,0xA6433ff5499f8Fb0d70e98F7E5D8DA0341167dE1,0x68d8217c211981709f8c6a265e2da20f419fccf850675323e033a74dc1a131aa,645,106337,11948.35
25,3,requestAccess (granted),0x8ADb3Eb4D05Fc05e6879831273601b233BC878a4,0x782452F42F1DaB9Fa05Dab6b177Df1e5289a6129,0x2dc59fbe24a0b7421c107524a65419c52db9ec091024670eb4451d56246a553a,645,106330,11941.82
25,3,requestAccess (granted),0x50eEf8babaE3760aFDC0e7ba7E3366616EDA1597,0x0BdDde64909eBeA7cCBb5B8Dde8c7a430b24e5c5,0x6d5913444697d9186aa893e0a6d70d1b0b547623739e38edc1e4c9006e3109de,645,106296,11935.21
25,3,requestAccess (granted),0x70c0Aeb015a58C3bb13A35bf5Bd345d903Ed4169,0x0fbf5D66418E6354E77405b2fCdAF21cc87bDB83,0x4bb91d86cab77d1391675230dbd7cc699af95aeba80609d5e245c2fa15805517,645,106337,11929.85
25,3,requestAccess (granted),0x8ADb3Eb4D05Fc05e6879831273601b233BC878a4,0xB9ce0a7A0978Bb89E083ca95F26b4c2eB00314d0,0x871750aac2ad025ad1116954e3ef0044a879e5199308df555c0e6fe018fc695c,645,106330,11924.69
25,3,requestAccess (granted),0x50eEf8babaE3760aFDC0e7ba7E3366616EDA1597,0x2A5d0Cca1032930916b97eF07EB925216726bE14,0x9cca3d999e4d9aff0e7bfaa156ffcca8f58f77fdc99e00952c4d60fd105bdbb5,645,106296,11920.01
25,3,requestAccess (granted),0x70c0Aeb015a58C3bb13A35bf5Bd345d903Ed4169,0x314B1ae6e8295ab18ec005B1B210cdBdBbe44471,0xdab8f3438dde39c806e1b00fcb1068e5897c7bd49077f39280dd6be9e75dc749,645,106337,11915.61
25,3,requestAccess (granted),0x8ADb3Eb4D05Fc05e6879831273601b233BC878a4,0x13052FfcaB5b908b58Bcdd3c9639fd41dDDc4281,0x9de154d7c2b727a49c1005b538ab254d63cc9dd39d9dba3a747f4aa01417e4e6,645,106330,11910.75
25,3,requestAccess (granted),0x50eEf8babaE3760aFDC0e7ba7E3366616EDA1597,0xea7D1C25407d86d1d46CD7fb6d4e71aAd462D041,0xc6deea7d0cd7146cb98834d8dc4a433baafae8e9c56d31b6fd27fd4d8aee398d,645,106296,11906.0
25,3,requestAccess (granted),0x70c0Aeb015a58C3bb13A35bf5Bd345d903Ed4169,0x2ACE8E42322cd0Fc4655A07dDB4Af1225C7C3643,0xdaf34f0bd8a9125b66eeeafb9a9e6d859d1b7b4ed4826740946a7d5cca0584d2,645,106337,11901.39
25,3,requestAccess (granted),0x8ADb3Eb4D05Fc05e6879831273601b233BC878a4,0x044F9EE893e8E1194C90aD2A7f1CcCDeEbfEE959,0xf7a9024fec16ced199dc187c43f91427776992bb61ab7ee88768c660ddb62282,645,106330,11896.08
25,3,requestAccess (granted),0x50eEf8babaE3760aFDC0e7ba7E3366616EDA1597,0x71A497619C776eb22105f59aDB6F6AC17C280E65,0xe9b115926b204d56375b62572a35b642e412c18c4b12a7c0397543264c28ecf3,645,106296,11890.54
25,3,requestAccess (granted),0x70c0Aeb015a58C3bb13A35bf5Bd345d903Ed4169,0x3b99a9D347A9181E40b8d2369428B8044194cbba,0x9489e9ffcac6f17173a5987de7f97297674dca18e58eb84c9876d813d2de0f12,645,106337,11885.17
25,3,requestAccess (granted),0x8ADb3Eb4D05Fc05e6879831273601b233BC878a4,0x8EC6DE0D860196859a87535A033BB9fc32f4cBAC,0x8cdf9e7c4a08a25ce13f57891384a96b60102f1db99fc49a1842a4ff23f207f0,645,106330,11879.78
25,3,requestAccess (granted),0x50eEf8babaE3760aFDC0e7ba7E3366616EDA1597,0x462FB229b0b8ddD0c0491d5924E526dA0038f689,0x0d15954bbf30d6490e8f874d80fa59323a4cb2ffae1b8b59e13089b9bc9ada64,645,106284,11873.96
25,3,requestAccess (granted),0x70c0Aeb015a58C3bb13A35bf5Bd345d903Ed4169,0x4C83F859916B222eF2bab358493558Ce35AfFe8D,0xa56b17c0e37c10a8f9139c394c33748360d4770e85b4038991da8f9b709d6db1,645,106337,11868.62
25,3,requestAccess (granted),0x8ADb3Eb4D05Fc05e6879831273601b233BC878a4,0x2bA20547418D757C9214ea9Cd92aBCaBeCFEB13e,0x5cea6054475dbbfb9ea8ffa2a76842bc56f19b0eb936deecf3b41ce6dcd360e4,645,106330,11863.15
25,3,requestAccess (granted),0x50eEf8babaE3760aFDC0e7ba7E3366616EDA1597,0x1050244b8Db78153BBA2a05c57a0f4B93B8ED794,0xfbd326ac92482807d8baeed425f0162cb3ff02ea7fd41f93df72ec4c3a18e50f,645,106296,11857.95
25,3,revokeConsent,0x4F96b1680a3E47DE0Cc9a007b96a560Fb7D23D5E,0x50eEf8babaE3760aFDC0e7ba7E3366616EDA1597,0x60c43acae14e0347e081a73a12277f6195a77ea171424ff5402535d3223b7a76,646,28825,10804.35
25,3,revokeConsent,0x3EF9Fe30Bc887148c04a06704f16484F7fA1c507,0x70c0Aeb015a58C3bb13A35bf5Bd345d903Ed4169,0xadfb3d03e492ea4db61dc869806ce85eb63c2a70ca2eee684a8f31fa118630ea,646,28825,10799.33
25,3,revokeConsent,0xf272aB4338fdC635d51C74FCFED2fEC6A327504A,0x8ADb3Eb4D05Fc05e6879831273601b233BC878a4,0xd3310f1f5c3914a44872f707bd3874efb807d5b6072f69a02cfa21151bdd7b99,646,28825,10793.64
25,3,revokeConsent,0xB124fE26103fa6015fa9BCD2B7cBe7859536D497,0x50eEf8babaE3760aFDC0e7ba7E3366616EDA1597,0x29479179e6544a2d9b1d92444e3131dac578ff12b42ac4d1ab7095e8a1f7cfad,646,28825,10788.41
25,3,revokeConsent,0x6560867170Fa675A957fb6F3E7Ae893A570C6202,0x70c0Aeb015a58C3bb13A35bf5Bd345d903Ed4169,0xe82757c92b2c9352785d61086d551e3c80dcdb67af6167e2e4c4e78d902285d7,646,28825,10783.71
25,3,revokeConsent,0xd5B59C23d1F09E3948300FfE971936f107e9C9E1,0x8ADb3Eb4D05Fc05e6879831273601b233BC878a4,0xf86220d2c13ff0d9b24ecc08736d75774f998db57cc897d3372063d73e6476e1,646,28825,10778.92
25,3,revokeConsent,0x113537280CaBa73Ec87CaB41f6C18E006251ed27,0x50eEf8babaE3760aFDC0e7ba7E3366616EDA1597,0xfb3cd78215f20676c1d8aefc77571953089304a22572c250d287793953980587,646,28825,10773.98
25,3,revokeConsent,0xA6433ff5499f8Fb0d70e98F7E5D8DA0341167dE1,0x70c0Aeb015a58C3bb13A35bf5Bd345d903Ed4169,0x2cc1501f9073cd9b0435fad120949f02effe2d992c8ce7439abcc2858c593311,646,28825,10768.43
25,3,revokeConsent,0x782452F42F1DaB9Fa05Dab6b177Df1e5289a6129,0x8ADb3Eb4D05Fc05e6879831273601b233BC878a4,0x70cca1bbc84d50a750c0dbf79b0c44c515a83e8c902f40cbf565ae8af3294eb8,646,28825,10762.65
25,3,revokeConsent,0x0BdDde64909eBeA7cCBb5B8Dde8c7a430b24e5c5,0x50eEf8babaE3760aFDC0e7ba7E3366616EDA1597,0x9c19e16abcf2905e4714f595440e04cfb398e9cb83d70d42b911d2c007f73591,646,28825,10757.05
25,3,revokeConsent,0x0fbf5D66418E6354E77405b2fCdAF21cc87bDB83,0x70c0Aeb015a58C3bb13A35bf5Bd345d903Ed4169,0xbc8fa40c4552ca00669e0d49624ff94bf9e5e3e2247f12797d68e439c164ba43,646,28825,10751.89
25,3,revokeConsent,0xB9ce0a7A0978Bb89E083ca95F26b4c2eB00314d0,0x8ADb3Eb4D05Fc05e6879831273601b233BC878a4,0x7ad678edf33eb59a834c8e9479fd0184c72f96936076d4dec40a66f0e2594df0,646,28825,10746.53
25,3,revokeConsent,0x2A5d0Cca1032930916b97eF07EB925216726bE14,0x50eEf8babaE3760aFDC0e7ba7E3366616EDA1597,0x51ff3ea07437f657b6371646a54e7579f67fd20a989999b759e5f49e3acdce7b,646,28825,10741.46
25,3,revokeConsent,0x314B1ae6e8295ab18ec005B1B210cdBdBbe44471,0x70c0Aeb015a58C3bb13A35bf5Bd345d903Ed4169,0x0138b5c7a070039888b9b204248e55e8b2dc3de8c18b8e9028343c7f6f842867,646,28825,10736.52
25,3,revokeConsent,0x13052FfcaB5b908b58Bcdd3c9639fd41dDDc4281,0x8ADb3Eb4D05Fc05e6879831273601b233BC878a4,0x4c2a714e1a307ccee4ed6cd4bd55cba6ff21596ce75ec4553f701790aeaa8442,646,28825,10731.64
25,3,revokeConsent,0xea7D1C25407d86d1d46CD7fb6d4e71aAd462D041,0x50eEf8babaE3760aFDC0e7ba7E3366616EDA1597,0x1f0926d7f1e9c528138268f3cc091c3640b26d438e7bac139172bb7b7e2e6ead,646,28825,10726.38
25,3,revokeConsent,0x2ACE8E42322cd0Fc4655A07dDB4Af1225C7C3643,0x70c0Aeb015a58C3bb13A35bf5Bd345d903Ed4169,0x0c3572cf89daae6a0f9563e7b45355d1dcea7c2ad04196a3002e7da9c8e72a6f,646,28825,10721.34
25,3,revokeConsent,0x044F9EE893e8E1194C90aD2A7f1CcCDeEbfEE959,0x8ADb3Eb4D05Fc05e6879831273601b233BC878a4,0x72a93d41b2a4f32a582de4c078c5c3d3a8b1198ff2f47e652ea7b94bb2ca74a5,646,28825,10716.01
25,3,revokeConsent,0x71A497619C776eb22105f59aDB6F6AC17C280E65,0x50eEf8babaE3760aFDC0e7ba7E3366616EDA1597,0xd6f2ed4263560aeabb81ff70a77fe9641932a9d9402b4e2090d70bb77459298a,646,28825,10710.75
25,3,revokeConsent,0x3b99a9D347A9181E40b8d2369428B8044194cbba,0x70c0Aeb015a58C3bb13A35bf5Bd345d903Ed4169,0x73925cce4e211708c5b690c12e79bb8801bdf6f9f89ebf8abde9586f3d0ae960,646,28825,10705.43
25,3,revokeConsent,0x8EC6DE0D860196859a87535A033BB9fc32f4cBAC,0x8ADb3Eb4D05Fc05e6879831273601b233BC878a4,0xdf87609736132ea9482ac27ec9f9caaca757da32f18634bf09a851523814f992,646,28825,10698.74
25,3,revokeConsent,0x462FB229b0b8ddD0c0491d5924E526dA0038f689,0x50eEf8babaE3760aFDC0e7ba7E3366616EDA1597,0x797f80506938c11c7fd324ace19edaf207b93fa4c5ac41dd5aeeaf63037ec310,646,28825,10693.04
25,3,revokeConsent,0x4C83F859916B222eF2bab358493558Ce35AfFe8D,0x70c0Aeb015a58C3bb13A35bf5Bd345d903Ed4169,0x22edfb4ff73ba504b459d20508d774946dbacf399b19733711858f020fb774cf,646,28825,10687.3
25,3,revokeConsent,0x2bA20547418D757C9214ea9Cd92aBCaBeCFEB13e,0x8ADb3Eb4D05Fc05e6879831273601b233BC878a4,0xc31f560043ae371edd216aacd02884458967361cc9baeb7c3fe8ba87652f5718,646,28825,10679.86
25,3,revokeConsent,0x1050244b8Db78153BBA2a05c57a0f4B93B8ED794,0x50eEf8babaE3760aFDC0e7ba7E3366616EDA1597,0x21744d7036412195be11dfee44d201e6b61e2b93750f5f16db15945037ae2a94,646,28825,10674.28
25,3,requestAccess (denied),0x50eEf8babaE3760aFDC0e7ba7E3366616EDA1597,0x4F96b1680a3E47DE0Cc9a007b96a560Fb7D23D5E,0xe7c00d61ea835d4ff96920180094dbbb7240929210b814f3796e475245936563,647,72302,11981.11
25,3,requestAccess (denied),0x70c0Aeb015a58C3bb13A35bf5Bd345d903Ed4169,0x3EF9Fe30Bc887148c04a06704f16484F7fA1c507,0xd9a5f9efc8454e13ee719888ed6d0b33b371d62ad66a0b11ee69d8f74600553b,647,72302,11976.62
25,3,requestAccess (denied),0x8ADb3Eb4D05Fc05e6879831273601b233BC878a4,0xf272aB4338fdC635d51C74FCFED2fEC6A327504A,0x40f832be9259525c2db49de40687e6d3433a9e08ec9657ab3ce1ef6b3a82ee94,647,72302,11971.7
25,3,requestAccess (denied),0x50eEf8babaE3760aFDC0e7ba7E3366616EDA1597,0xB124fE26103fa6015fa9BCD2B7cBe7859536D497,0x3cc30a8a96edf9d4f52095f0500a5b8e6d40e9e29dc28aeb5552208f9670101d,647,72302,11966.87
25,3,requestAccess (denied),0x70c0Aeb015a58C3bb13A35bf5Bd345d903Ed4169,0x6560867170Fa675A957fb6F3E7Ae893A570C6202,0x9eb9f7beec88236ab5f06fc22602740519b8abe2be4ab05de7b5dcc5ec364d51,647,72302,11961.93
25,3,requestAccess (denied),0x8ADb3Eb4D05Fc05e6879831273601b233BC878a4,0xd5B59C23d1F09E3948300FfE971936f107e9C9E1,0xf4d2d98192c53b187903a44ffd25ceda2d66863e1cf6b8ce9067a95c1c5b8c1f,647,72302,11956.99
25,3,requestAccess (denied),0x50eEf8babaE3760aFDC0e7ba7E3366616EDA1597,0x113537280CaBa73Ec87CaB41f6C18E006251ed27,0xb827eee8fdcd322a535b6f27d7c027ed7bd76cbd3042e8e39e2c546f719bf8ab,647,72290,11952.2
25,3,requestAccess (denied),0x70c0Aeb015a58C3bb13A35bf5Bd345d903Ed4169,0xA6433ff5499f8Fb0d70e98F7E5D8DA0341167dE1,0x7fa6c6a5b788a7ab8ad340328bcfebdbba2792c07e1c973444a0b88b0ae027c2,647,72302,11947.52
25,3,requestAccess (denied),0x8ADb3Eb4D05Fc05e6879831273601b233BC878a4,0x782452F42F1DaB9Fa05Dab6b177Df1e5289a6129,0x14b6db98829ddce0e904d41a76e3e07aa33b2dd51f0d9cad3427a34eb1ee5061,647,72302,11942.98
25,3,requestAccess (denied),0x50eEf8babaE3760aFDC0e7ba7E3366616EDA1597,0x0BdDde64909eBeA7cCBb5B8Dde8c7a430b24e5c5,0x7f1126670994017cae6bcab3cbc6bd015a88c9e605863a0e99b3053f55916055,647,72302,11938.39
25,3,requestAccess (denied),0x70c0Aeb015a58C3bb13A35bf5Bd345d903Ed4169,0x0fbf5D66418E6354E77405b2fCdAF21cc87bDB83,0x7432787e336c9efa76d49ac52ed4e2708bb2a6934a086a8461a2537d86308a1d,647,72302,11933.64
25,3,requestAccess (denied),0x8ADb3Eb4D05Fc05e6879831273601b233BC878a4,0xB9ce0a7A0978Bb89E083ca95F26b4c2eB00314d0,0x507e5e0b06614b721b40ddd9a153aef462ac5c24b48915dc5fcd73bebf6e3963,647,72302,11929.05
25,3,requestAccess (denied),0x50eEf8babaE3760aFDC0e7ba7E3366616EDA1597,0x2A5d0Cca1032930916b97eF07EB925216726bE14,0xddad744d8e13b9f3579977176a8263d82f5f5ac37f0f9a5251c836eab5ab553b,647,72302,11924.54
25,3,requestAccess (denied),0x70c0Aeb015a58C3bb13A35bf5Bd345d903Ed4169,0x314B1ae6e8295ab18ec005B1B210cdBdBbe44471,0xc9695f6ea7d7aaccea441b7e55b2c327d010ae8d6334cec94d01cc8c1758523f,647,72302,11919.9
25,3,requestAccess (denied),0x8ADb3Eb4D05Fc05e6879831273601b233BC878a4,0x13052FfcaB5b908b58Bcdd3c9639fd41dDDc4281,0xeca525aada1a0967a5df96695c6a691d0c89ad0091dc7634a7838a9940e76592,647,72302,11915.18
25,3,requestAccess (denied),0x50eEf8babaE3760aFDC0e7ba7E3366616EDA1597,0xea7D1C25407d86d1d46CD7fb6d4e71aAd462D041,0x7ae384b5774b876d2bb9521df8df9a076e441555ecfb639bc835089e12430dbc,647,72302,11910.45
25,3,requestAccess (denied),0x70c0Aeb015a58C3bb13A35bf5Bd345d903Ed4169,0x2ACE8E42322cd0Fc4655A07dDB4Af1225C7C3643,0xa00e6e751c2863e2cbb1de10321a329107f5af064017ddff8ad21362e691b0cc,647,72302,11905.57
25,3,requestAccess (denied),0x8ADb3Eb4D05Fc05e6879831273601b233BC878a4,0x044F9EE893e8E1194C90aD2A7f1CcCDeEbfEE959,0xc8055bf24ac2040449ab0a8d0ece80f6583751ec69a24b825c0cd6e80372ed4d,647,72302,11901.04
25,3,requestAccess (denied),0x50eEf8babaE3760aFDC0e7ba7E3366616EDA1597,0x71A497619C776eb22105f59aDB6F6AC17C280E65,0xceff1a82c2b15aeed3ee475aff767cf95bb89a659c625d0e7ac9cde83adc4390,647,72302,11896.22
25,3,requestAccess (denied),0x70c0Aeb015a58C3bb13A35bf5Bd345d903Ed4169,0x3b99a9D347A9181E40b8d2369428B8044194cbba,0x4b5c0d5e1b94e604524c5e10081b88f2d2fc5e78c6d0954fa558ecc890754b29,647,72302,11891.39
25,3,requestAccess (denied),0x8ADb3Eb4D05Fc05e6879831273601b233BC878a4,0x8EC6DE0D860196859a87535A033BB9fc32f4cBAC,0x4a65129bbec470f93b2f19956683a95622a237654d9a2417a2f4bc8dadddeb4b,647,72302,11886.97
25,3,requestAccess (denied),0x50eEf8babaE3760aFDC0e7ba7E3366616EDA1597,0x462FB229b0b8ddD0c0491d5924E526dA0038f689,0x519d5c8786146b3974e781c757f3d54235717b04a66ca9b83d11684143d92e98,647,72290,11882.36
25,3,requestAccess (denied),0x70c0Aeb015a58C3bb13A35bf5Bd345d903Ed4169,0x4C83F859916B222eF2bab358493558Ce35AfFe8D,0x03ce8de6e1bae83c092de92eef58ddad242546a48428575936e5c2ec4f37e50c,647,72302,11877.57
25,3,requestAccess (denied),0x8ADb3Eb4D05Fc05e6879831273601b233BC878a4,0x2bA20547418D757C9214ea9Cd92aBCaBeCFEB13e,0x7289d2eea6a6eeebf9efbde85ee25a5d1a3bdc1c2644e28df9d90552ad16334e,647,72302,11872.86
25,3,requestAccess (denied),0x50eEf8babaE3760aFDC0e7ba7E3366616EDA1597,0x1050244b8Db78153BBA2a05c57a0f4B93B8ED794,0x17882dd0e887b1698946385f6b482349859b162e7f001000c2e688d498324676,647,72302,11868.51
